task.i,learner.i,resampling.i,iteration,start.time,end.time,process,task.id,learner.id,resampling.id,test.subset,train.subsets,groups,test.fold,seed,n.train.groups
1,1,1,1,2025-05-31T17:29:27.609999Z,2025-05-31T17:29:35.356818Z,2035134,MNIST_EMNIST_rot,featureless,same_other_sizes_cv,EMNIST_rot,all,126000,1,1,126000
1,1,1,2,2025-05-31T17:31:36.400003Z,2025-05-31T17:31:44.138287Z,2035134,MNIST_EMNIST_rot,featureless,same_other_sizes_cv,MNIST,all,126000,1,1,126000
1,1,1,3,2025-05-31T18:09:28.152596Z,2025-05-31T18:09:44.356182Z,58,MNIST_EMNIST_rot,featureless,same_other_sizes_cv,EMNIST_rot,all,126000,2,1,126000
1,1,1,4,2025-05-31T18:09:28.167704Z,2025-05-31T18:09:44.537964Z,18,MNIST_EMNIST_rot,featureless,same_other_sizes_cv,MNIST,all,126000,2,1,126000
1,1,1,5,2025-05-31T18:09:28.332042Z,2025-05-31T18:09:44.413414Z,85,MNIST_EMNIST_rot,featureless,same_other_sizes_cv,EMNIST_rot,all,126000,3,1,126000
1,1,1,6,2025-05-31T18:09:28.343255Z,2025-05-31T18:09:44.456045Z,12,MNIST_EMNIST_rot,featureless,same_other_sizes_cv,MNIST,all,126000,3,1,126000
1,1,1,7,2025-05-31T18:09:28.351250Z,2025-05-31T18:09:44.442043Z,59,MNIST_EMNIST_rot,featureless,same_other_sizes_cv,EMNIST_rot,all,126000,4,1,126000
1,1,1,8,2025-05-31T18:09:28.392767Z,2025-05-31T18:09:44.176512Z,36,MNIST_EMNIST_rot,featureless,same_other_sizes_cv,MNIST,all,126000,4,1,126000
1,1,1,9,2025-05-31T18:09:29.010703Z,2025-05-31T18:09:44.483445Z,60,MNIST_EMNIST_rot,featureless,same_other_sizes_cv,EMNIST_rot,all,126000,5,1,126000
1,1,1,10,2025-05-31T18:09:29.018696Z,2025-05-31T18:09:44.216162Z,69,MNIST_EMNIST_rot,featureless,same_other_sizes_cv,MNIST,all,126000,5,1,126000
1,1,1,11,2025-05-31T18:09:29.279043Z,2025-05-31T18:09:44.237401Z,87,MNIST_EMNIST_rot,featureless,same_other_sizes_cv,EMNIST_rot,all,126000,6,1,126000
1,1,1,12,2025-05-31T18:09:29.297714Z,2025-05-31T18:09:44.213678Z,5,MNIST_EMNIST_rot,featureless,same_other_sizes_cv,MNIST,all,126000,6,1,126000
1,1,1,13,2025-05-31T18:09:29.308053Z,2025-05-31T18:09:44.289191Z,11,MNIST_EMNIST_rot,featureless,same_other_sizes_cv,EMNIST_rot,all,126000,7,1,126000
1,1,1,14,2025-05-31T18:09:29.318016Z,2025-05-31T18:09:44.285947Z,63,MNIST_EMNIST_rot,featureless,same_other_sizes_cv,MNIST,all,126000,7,1,126000
1,1,1,15,2025-05-31T18:09:29.325743Z,2025-05-31T18:09:44.286597Z,57,MNIST_EMNIST_rot,featureless,same_other_sizes_cv,EMNIST_rot,all,126000,8,1,126000
1,1,1,16,2025-05-31T18:09:29.364520Z,2025-05-31T18:09:44.396545Z,4,MNIST_EMNIST_rot,featureless,same_other_sizes_cv,MNIST,all,126000,8,1,126000
1,1,1,17,2025-05-31T18:09:29.766692Z,2025-05-31T18:09:44.349800Z,81,MNIST_EMNIST_rot,featureless,same_other_sizes_cv,EMNIST_rot,all,126000,9,1,126000
1,1,1,18,2025-05-31T18:09:29.802308Z,2025-05-31T18:09:44.166939Z,32,MNIST_EMNIST_rot,featureless,same_other_sizes_cv,MNIST,all,126000,9,1,126000
1,1,1,19,2025-05-31T18:09:29.840294Z,2025-05-31T18:09:44.261385Z,78,MNIST_EMNIST_rot,featureless,same_other_sizes_cv,EMNIST_rot,all,126000,10,1,126000
1,1,1,20,2025-05-31T18:09:29.856964Z,2025-05-31T18:09:44.219821Z,49,MNIST_EMNIST_rot,featureless,same_other_sizes_cv,MNIST,all,126000,10,1,126000
1,1,1,21,2025-05-31T18:09:29.887029Z,2025-05-31T18:09:44.212761Z,86,MNIST_EMNIST_rot,featureless,same_other_sizes_cv,EMNIST_rot,other,63000,1,1,63000
1,1,1,22,2025-05-31T18:09:29.900555Z,2025-05-31T18:09:44.183117Z,51,MNIST_EMNIST_rot,featureless,same_other_sizes_cv,MNIST,other,63000,1,1,63000
1,1,1,23,2025-05-31T18:09:30.027590Z,2025-05-31T18:09:44.402132Z,19,MNIST_EMNIST_rot,featureless,same_other_sizes_cv,EMNIST_rot,other,63000,2,1,63000
1,1,1,24,2025-05-31T18:09:30.091380Z,2025-05-31T18:09:44.466396Z,22,MNIST_EMNIST_rot,featureless,same_other_sizes_cv,MNIST,other,63000,2,1,63000
1,1,1,25,2025-05-31T18:09:30.483415Z,2025-05-31T18:09:44.540183Z,74,MNIST_EMNIST_rot,featureless,same_other_sizes_cv,EMNIST_rot,other,63000,3,1,63000
1,1,1,26,2025-05-31T18:09:30.710847Z,2025-05-31T18:09:44.739856Z,45,MNIST_EMNIST_rot,featureless,same_other_sizes_cv,MNIST,other,63000,3,1,63000
1,1,1,27,2025-05-31T18:09:31.186555Z,2025-05-31T18:09:44.318491Z,35,MNIST_EMNIST_rot,featureless,same_other_sizes_cv,EMNIST_rot,other,63000,4,1,63000
1,1,1,28,2025-05-31T18:09:31.292057Z,2025-05-31T18:09:44.432007Z,56,MNIST_EMNIST_rot,featureless,same_other_sizes_cv,MNIST,other,63000,4,1,63000
1,1,1,29,2025-05-31T18:09:31.299252Z,2025-05-31T18:09:44.472995Z,64,MNIST_EMNIST_rot,featureless,same_other_sizes_cv,EMNIST_rot,other,63000,5,1,63000
1,1,1,30,2025-05-31T18:09:31.404393Z,2025-05-31T18:09:44.705033Z,67,MNIST_EMNIST_rot,featureless,same_other_sizes_cv,MNIST,other,63000,5,1,63000
1,1,1,31,2025-05-31T18:09:31.881003Z,2025-05-31T18:09:46.130321Z,91,MNIST_EMNIST_rot,featureless,same_other_sizes_cv,EMNIST_rot,other,63000,6,1,63000
1,1,1,32,2025-05-31T18:09:32.113287Z,2025-05-31T18:09:46.165708Z,98,MNIST_EMNIST_rot,featureless,same_other_sizes_cv,MNIST,other,63000,6,1,63000
1,1,1,33,2025-05-31T18:09:32.122093Z,2025-05-31T18:09:46.173476Z,97,MNIST_EMNIST_rot,featureless,same_other_sizes_cv,EMNIST_rot,other,63000,7,1,63000
1,1,1,34,2025-05-31T18:09:33.245713Z,2025-05-31T18:09:46.391098Z,68,MNIST_EMNIST_rot,featureless,same_other_sizes_cv,MNIST,other,63000,7,1,63000
1,1,1,35,2025-05-31T18:09:33.719247Z,2025-05-31T18:09:52.418088Z,70,MNIST_EMNIST_rot,featureless,same_other_sizes_cv,EMNIST_rot,other,63000,8,1,63000
1,1,1,36,2025-05-31T18:09:33.731135Z,2025-05-31T18:09:47.793831Z,73,MNIST_EMNIST_rot,featureless,same_other_sizes_cv,MNIST,other,63000,8,1,63000
1,1,1,37,2025-05-31T18:09:35.303607Z,2025-05-31T18:09:48.582319Z,55,MNIST_EMNIST_rot,featureless,same_other_sizes_cv,EMNIST_rot,other,63000,9,1,63000
1,1,1,38,2025-05-31T18:09:35.851777Z,2025-05-31T18:09:49.966637Z,72,MNIST_EMNIST_rot,featureless,same_other_sizes_cv,MNIST,other,63000,9,1,63000
1,1,1,39,2025-05-31T18:09:37.266094Z,2025-05-31T18:09:50.462256Z,13,MNIST_EMNIST_rot,featureless,same_other_sizes_cv,EMNIST_rot,other,63000,10,1,63000
1,1,1,40,2025-05-31T18:09:37.295959Z,2025-05-31T18:09:50.415149Z,61,MNIST_EMNIST_rot,featureless,same_other_sizes_cv,MNIST,other,63000,10,1,63000
1,1,1,41,2025-05-31T18:09:37.405925Z,2025-05-31T18:09:50.369570Z,96,MNIST_EMNIST_rot,featureless,same_other_sizes_cv,EMNIST_rot,same,63000,1,1,63000
1,1,1,42,2025-05-31T18:09:37.985922Z,2025-05-31T18:09:55.763142Z,34,MNIST_EMNIST_rot,featureless,same_other_sizes_cv,MNIST,same,63000,1,1,63000
1,1,1,43,2025-05-31T18:09:39.267367Z,2025-05-31T18:09:52.449554Z,10,MNIST_EMNIST_rot,featureless,same_other_sizes_cv,EMNIST_rot,same,63000,2,1,63000
1,1,1,44,2025-05-31T18:09:39.330665Z,2025-05-31T18:09:52.510958Z,65,MNIST_EMNIST_rot,featureless,same_other_sizes_cv,MNIST,same,63000,2,1,63000
1,1,1,45,2025-05-31T18:09:39.844942Z,2025-05-31T18:09:53.991593Z,83,MNIST_EMNIST_rot,featureless,same_other_sizes_cv,EMNIST_rot,same,63000,3,1,63000
1,1,1,46,2025-05-31T18:09:41.347605Z,2025-05-31T18:09:55.626733Z,30,MNIST_EMNIST_rot,featureless,same_other_sizes_cv,MNIST,same,63000,3,1,63000
1,1,1,47,2025-05-31T18:09:41.355771Z,2025-05-31T18:09:55.546672Z,31,MNIST_EMNIST_rot,featureless,same_other_sizes_cv,EMNIST_rot,same,63000,4,1,63000
1,1,1,48,2025-05-31T18:09:41.366068Z,2025-05-31T18:09:54.500139Z,62,MNIST_EMNIST_rot,featureless,same_other_sizes_cv,MNIST,same,63000,4,1,63000
1,1,1,49,2025-05-31T18:09:41.797325Z,2025-05-31T18:09:58.209510Z,27,MNIST_EMNIST_rot,featureless,same_other_sizes_cv,EMNIST_rot,same,63000,5,1,63000
1,1,1,50,2025-05-31T18:09:41.811552Z,2025-05-31T18:09:56.483049Z,41,MNIST_EMNIST_rot,featureless,same_other_sizes_cv,MNIST,same,63000,5,1,63000
1,1,1,51,2025-05-31T18:09:41.823422Z,2025-05-31T18:09:56.572856Z,39,MNIST_EMNIST_rot,featureless,same_other_sizes_cv,EMNIST_rot,same,63000,6,1,63000
1,1,1,52,2025-05-31T18:09:41.833215Z,2025-05-31T18:09:56.552322Z,44,MNIST_EMNIST_rot,featureless,same_other_sizes_cv,MNIST,same,63000,6,1,63000
1,1,1,53,2025-05-31T18:09:41.846938Z,2025-05-31T18:09:56.475868Z,42,MNIST_EMNIST_rot,featureless,same_other_sizes_cv,EMNIST_rot,same,63000,7,1,63000
1,1,1,54,2025-05-31T18:09:41.862560Z,2025-05-31T18:09:56.576451Z,43,MNIST_EMNIST_rot,featureless,same_other_sizes_cv,MNIST,same,63000,7,1,63000
1,1,1,55,2025-05-31T18:09:42.422433Z,2025-05-31T18:09:56.912931Z,28,MNIST_EMNIST_rot,featureless,same_other_sizes_cv,EMNIST_rot,same,63000,8,1,63000
1,1,1,56,2025-05-31T18:09:43.190212Z,2025-05-31T18:09:56.558737Z,37,MNIST_EMNIST_rot,featureless,same_other_sizes_cv,MNIST,same,63000,8,1,63000
1,1,1,57,2025-05-31T18:09:43.198307Z,2025-05-31T18:09:56.567405Z,40,MNIST_EMNIST_rot,featureless,same_other_sizes_cv,EMNIST_rot,same,63000,9,1,63000
1,1,1,58,2025-05-31T18:09:43.208362Z,2025-05-31T18:09:56.575311Z,38,MNIST_EMNIST_rot,featureless,same_other_sizes_cv,MNIST,same,63000,9,1,63000
1,1,1,59,2025-05-31T18:09:43.218820Z,2025-05-31T18:09:56.344742Z,52,MNIST_EMNIST_rot,featureless,same_other_sizes_cv,EMNIST_rot,same,63000,10,1,63000
1,1,1,60,2025-05-31T18:09:43.227057Z,2025-05-31T18:09:56.427725Z,50,MNIST_EMNIST_rot,featureless,same_other_sizes_cv,MNIST,same,63000,10,1,63000
1,2,1,1,2025-05-31T18:09:43.238139Z,2025-06-01T02:14:30.709692Z,46,MNIST_EMNIST_rot,torch_conv,same_other_sizes_cv,EMNIST_rot,all,126000,1,1,126000
1,2,1,2,2025-05-31T18:09:43.248912Z,2025-06-01T01:58:25.803543Z,84,MNIST_EMNIST_rot,torch_conv,same_other_sizes_cv,MNIST,all,126000,1,1,126000
1,2,1,3,2025-05-31T18:09:43.258823Z,2025-06-01T02:16:25.596888Z,90,MNIST_EMNIST_rot,torch_conv,same_other_sizes_cv,EMNIST_rot,all,126000,2,1,126000
1,2,1,4,2025-05-31T18:09:43.267152Z,2025-06-01T02:06:33.485006Z,92,MNIST_EMNIST_rot,torch_conv,same_other_sizes_cv,MNIST,all,126000,2,1,126000
1,2,1,5,2025-05-31T18:09:43.284332Z,2025-06-01T02:13:50.261334Z,6,MNIST_EMNIST_rot,torch_conv,same_other_sizes_cv,EMNIST_rot,all,126000,3,1,126000
1,2,1,6,2025-05-31T18:09:43.304715Z,2025-06-01T02:13:20.071844Z,7,MNIST_EMNIST_rot,torch_conv,same_other_sizes_cv,MNIST,all,126000,3,1,126000
1,2,1,7,2025-05-31T18:09:43.315312Z,2025-06-01T02:06:46.170555Z,76,MNIST_EMNIST_rot,torch_conv,same_other_sizes_cv,EMNIST_rot,all,126000,4,1,126000
1,2,1,8,2025-05-31T18:09:43.325774Z,2025-06-01T02:20:18.879737Z,89,MNIST_EMNIST_rot,torch_conv,same_other_sizes_cv,MNIST,all,126000,4,1,126000
1,2,1,9,2025-05-31T18:09:43.342789Z,2025-06-01T02:19:04.146563Z,21,MNIST_EMNIST_rot,torch_conv,same_other_sizes_cv,EMNIST_rot,all,126000,5,1,126000
1,2,1,10,2025-05-31T18:09:43.353256Z,2025-06-01T02:26:28.789663Z,75,MNIST_EMNIST_rot,torch_conv,same_other_sizes_cv,MNIST,all,126000,5,1,126000
1,2,1,11,2025-05-31T18:09:43.369319Z,2025-06-01T02:12:22.692995Z,48,MNIST_EMNIST_rot,torch_conv,same_other_sizes_cv,EMNIST_rot,all,126000,6,1,126000
1,2,1,12,2025-05-31T18:09:43.380247Z,2025-06-01T02:09:27.576041Z,33,MNIST_EMNIST_rot,torch_conv,same_other_sizes_cv,MNIST,all,126000,6,1,126000
1,2,1,13,2025-05-31T18:09:43.432268Z,2025-06-01T01:42:22.333883Z,99,MNIST_EMNIST_rot,torch_conv,same_other_sizes_cv,EMNIST_rot,all,126000,7,1,126000
1,2,1,14,2025-05-31T18:09:43.447189Z,2025-06-01T02:14:51.205331Z,100,MNIST_EMNIST_rot,torch_conv,same_other_sizes_cv,MNIST,all,126000,7,1,126000
1,2,1,15,2025-05-31T18:09:43.454456Z,2025-06-01T02:15:47.543120Z,93,MNIST_EMNIST_rot,torch_conv,same_other_sizes_cv,EMNIST_rot,all,126000,8,1,126000
1,2,1,16,2025-05-31T18:09:43.462258Z,2025-06-01T02:21:31.339438Z,94,MNIST_EMNIST_rot,torch_conv,same_other_sizes_cv,MNIST,all,126000,8,1,126000
1,2,1,17,2025-05-31T18:09:43.469759Z,2025-06-01T02:22:58.948453Z,95,MNIST_EMNIST_rot,torch_conv,same_other_sizes_cv,EMNIST_rot,all,126000,9,1,126000
1,2,1,18,2025-05-31T18:09:43.705230Z,2025-06-01T01:44:54.445030Z,71,MNIST_EMNIST_rot,torch_conv,same_other_sizes_cv,MNIST,all,126000,9,1,126000
1,2,1,19,2025-05-31T18:09:43.718488Z,2025-06-01T01:55:36.791515Z,29,MNIST_EMNIST_rot,torch_conv,same_other_sizes_cv,EMNIST_rot,all,126000,10,1,126000
1,2,1,20,2025-05-31T18:09:43.734888Z,2025-06-01T02:16:54.568444Z,79,MNIST_EMNIST_rot,torch_conv,same_other_sizes_cv,MNIST,all,126000,10,1,126000
1,2,1,21,2025-05-31T18:09:43.747150Z,2025-05-31T21:55:56.160285Z,23,MNIST_EMNIST_rot,torch_conv,same_other_sizes_cv,EMNIST_rot,other,63000,1,1,63000
1,2,1,22,2025-05-31T18:09:43.758599Z,2025-05-31T21:44:27.920284Z,77,MNIST_EMNIST_rot,torch_conv,same_other_sizes_cv,MNIST,other,63000,1,1,63000
1,2,1,23,2025-05-31T18:09:43.857045Z,2025-05-31T21:54:56.315301Z,15,MNIST_EMNIST_rot,torch_conv,same_other_sizes_cv,EMNIST_rot,other,63000,2,1,63000
1,2,1,24,2025-05-31T18:09:43.935374Z,2025-05-31T21:59:06.606891Z,53,MNIST_EMNIST_rot,torch_conv,same_other_sizes_cv,MNIST,other,63000,2,1,63000
1,2,1,25,2025-05-31T18:09:43.948087Z,2025-05-31T21:50:18.878440Z,26,MNIST_EMNIST_rot,torch_conv,same_other_sizes_cv,EMNIST_rot,other,63000,3,1,63000
1,2,1,26,2025-05-31T18:09:43.955858Z,2025-05-31T21:50:16.113955Z,25,MNIST_EMNIST_rot,torch_conv,same_other_sizes_cv,MNIST,other,63000,3,1,63000
1,2,1,27,2025-05-31T18:09:44.065702Z,2025-05-31T22:09:41.485333Z,24,MNIST_EMNIST_rot,torch_conv,same_other_sizes_cv,EMNIST_rot,other,63000,4,1,63000
1,2,1,28,2025-05-31T18:09:44.077116Z,2025-05-31T21:58:01.556937Z,2,MNIST_EMNIST_rot,torch_conv,same_other_sizes_cv,MNIST,other,63000,4,1,63000
1,2,1,29,2025-05-31T18:09:44.084879Z,2025-05-31T22:05:23.883201Z,3,MNIST_EMNIST_rot,torch_conv,same_other_sizes_cv,EMNIST_rot,other,63000,5,1,63000
1,2,1,30,2025-05-31T18:09:44.113880Z,2025-05-31T22:21:42.240813Z,17,MNIST_EMNIST_rot,torch_conv,same_other_sizes_cv,MNIST,other,63000,5,1,63000
1,2,1,31,2025-05-31T18:09:44.121457Z,2025-05-31T22:20:08.946496Z,16,MNIST_EMNIST_rot,torch_conv,same_other_sizes_cv,EMNIST_rot,other,63000,6,1,63000
1,2,1,32,2025-05-31T18:09:44.197964Z,2025-05-31T21:44:29.935180Z,51,MNIST_EMNIST_rot,torch_conv,same_other_sizes_cv,MNIST,other,63000,6,1,63000
1,2,1,33,2025-05-31T18:09:44.206716Z,2025-05-31T21:58:28.755872Z,36,MNIST_EMNIST_rot,torch_conv,same_other_sizes_cv,EMNIST_rot,other,63000,7,1,63000
1,2,1,34,2025-05-31T18:09:44.236029Z,2025-05-31T21:46:31.231501Z,86,MNIST_EMNIST_rot,torch_conv,same_other_sizes_cv,MNIST,other,63000,7,1,63000
1,2,1,35,2025-05-31T18:09:44.248971Z,2025-05-31T21:56:15.445153Z,1,MNIST_EMNIST_rot,torch_conv,same_other_sizes_cv,EMNIST_rot,other,63000,8,1,63000
1,2,1,36,2025-05-31T18:09:44.273868Z,2025-05-31T21:48:51.746080Z,5,MNIST_EMNIST_rot,torch_conv,same_other_sizes_cv,MNIST,other,63000,8,1,63000
1,2,1,37,2025-05-31T18:09:44.291794Z,2025-05-31T22:01:20.082527Z,49,MNIST_EMNIST_rot,torch_conv,same_other_sizes_cv,EMNIST_rot,other,63000,9,1,63000
1,2,1,38,2025-05-31T18:09:44.298032Z,2025-05-31T21:58:14.755570Z,32,MNIST_EMNIST_rot,torch_conv,same_other_sizes_cv,MNIST,other,63000,9,1,63000
1,2,1,39,2025-05-31T18:09:44.315577Z,2025-05-31T21:45:05.893418Z,87,MNIST_EMNIST_rot,torch_conv,same_other_sizes_cv,EMNIST_rot,other,63000,10,1,63000
1,2,1,40,2025-05-31T18:09:44.331804Z,2025-05-31T21:56:20.354974Z,78,MNIST_EMNIST_rot,torch_conv,same_other_sizes_cv,MNIST,other,63000,10,1,63000
1,2,1,41,2025-05-31T18:09:44.346683Z,2025-05-31T22:03:28.332882Z,69,MNIST_EMNIST_rot,torch_conv,same_other_sizes_cv,EMNIST_rot,same,63000,1,1,63000
1,2,1,42,2025-05-31T18:09:44.350164Z,2025-05-31T22:08:55.540386Z,63,MNIST_EMNIST_rot,torch_conv,same_other_sizes_cv,MNIST,same,63000,1,1,63000
1,2,1,43,2025-05-31T18:09:44.356350Z,2025-05-31T22:06:32.846632Z,11,MNIST_EMNIST_rot,torch_conv,same_other_sizes_cv,EMNIST_rot,same,63000,2,1,63000
1,2,1,44,2025-05-31T18:09:44.361365Z,2025-05-31T22:03:53.041951Z,57,MNIST_EMNIST_rot,torch_conv,same_other_sizes_cv,MNIST,same,63000,2,1,63000
1,2,1,45,2025-05-31T18:09:44.388052Z,2025-05-31T21:59:45.009772Z,35,MNIST_EMNIST_rot,torch_conv,same_other_sizes_cv,EMNIST_rot,same,63000,3,1,63000
1,2,1,46,2025-05-31T18:09:44.397063Z,2025-05-31T22:10:14.636371Z,81,MNIST_EMNIST_rot,torch_conv,same_other_sizes_cv,MNIST,same,63000,3,1,63000
1,2,1,47,2025-05-31T18:09:44.403894Z,2025-05-31T22:00:47.206903Z,58,MNIST_EMNIST_rot,torch_conv,same_other_sizes_cv,EMNIST_rot,same,63000,4,1,63000
1,2,1,48,2025-05-31T18:09:44.434875Z,2025-05-31T22:13:19.904394Z,82,MNIST_EMNIST_rot,torch_conv,same_other_sizes_cv,MNIST,same,63000,4,1,63000
1,2,1,49,2025-05-31T18:09:44.444145Z,2025-05-31T22:01:18.230090Z,4,MNIST_EMNIST_rot,torch_conv,same_other_sizes_cv,EMNIST_rot,same,63000,5,1,63000
1,2,1,50,2025-05-31T18:09:44.462438Z,2025-05-31T22:19:50.378487Z,19,MNIST_EMNIST_rot,torch_conv,same_other_sizes_cv,MNIST,same,63000,5,1,63000
1,2,1,51,2025-05-31T18:09:44.471401Z,2025-05-31T22:10:00.833829Z,59,MNIST_EMNIST_rot,torch_conv,same_other_sizes_cv,EMNIST_rot,same,63000,6,1,63000
1,2,1,52,2025-05-31T18:09:44.488085Z,2025-05-31T22:13:11.002596Z,54,MNIST_EMNIST_rot,torch_conv,same_other_sizes_cv,MNIST,same,63000,6,1,63000
1,2,1,53,2025-05-31T18:09:44.497910Z,2025-05-31T22:01:38.886055Z,12,MNIST_EMNIST_rot,torch_conv,same_other_sizes_cv,EMNIST_rot,same,63000,7,1,63000
1,2,1,54,2025-05-31T18:09:44.503542Z,2025-05-31T21:57:09.548140Z,85,MNIST_EMNIST_rot,torch_conv,same_other_sizes_cv,MNIST,same,63000,7,1,63000
1,2,1,55,2025-05-31T18:09:44.524456Z,2025-05-31T22:16:50.865787Z,64,MNIST_EMNIST_rot,torch_conv,same_other_sizes_cv,EMNIST_rot,same,63000,8,1,63000
1,2,1,56,2025-05-31T18:09:44.528223Z,2025-05-31T22:04:49.456573Z,60,MNIST_EMNIST_rot,torch_conv,same_other_sizes_cv,MNIST,same,63000,8,1,63000
1,2,1,57,2025-05-31T18:09:44.540199Z,2025-05-31T22:08:07.449338Z,22,MNIST_EMNIST_rot,torch_conv,same_other_sizes_cv,EMNIST_rot,same,63000,9,1,63000
1,2,1,58,2025-05-31T18:09:44.571440Z,2025-05-31T22:06:29.670832Z,74,MNIST_EMNIST_rot,torch_conv,same_other_sizes_cv,MNIST,same,63000,9,1,63000
1,2,1,59,2025-05-31T18:09:44.588053Z,2025-05-31T22:03:07.773864Z,18,MNIST_EMNIST_rot,torch_conv,same_other_sizes_cv,EMNIST_rot,same,63000,10,1,63000
1,2,1,60,2025-05-31T18:09:44.620132Z,2025-05-31T22:18:03.711886Z,56,MNIST_EMNIST_rot,torch_conv,same_other_sizes_cv,MNIST,same,63000,10,1,63000
1,3,1,1,2025-05-31T18:09:44.770642Z,2025-05-31T22:26:43.840137Z,45,MNIST_EMNIST_rot,torch_linear,same_other_sizes_cv,EMNIST_rot,all,126000,1,1,126000
1,3,1,2,2025-05-31T18:09:44.859041Z,2025-05-31T22:28:50.704341Z,67,MNIST_EMNIST_rot,torch_linear,same_other_sizes_cv,MNIST,all,126000,1,1,126000
1,3,1,3,2025-05-31T18:09:46.146869Z,2025-05-31T22:40:10.836420Z,91,MNIST_EMNIST_rot,torch_linear,same_other_sizes_cv,EMNIST_rot,all,126000,2,1,126000
1,3,1,4,2025-05-31T18:09:46.180433Z,2025-05-31T22:38:25.960979Z,98,MNIST_EMNIST_rot,torch_linear,same_other_sizes_cv,MNIST,all,126000,2,1,126000
1,3,1,5,2025-05-31T18:09:46.236461Z,2025-05-31T22:27:31.172671Z,97,MNIST_EMNIST_rot,torch_linear,same_other_sizes_cv,EMNIST_rot,all,126000,3,1,126000
1,3,1,6,2025-05-31T18:09:46.405461Z,2025-05-31T23:17:08.223211Z,68,MNIST_EMNIST_rot,torch_linear,same_other_sizes_cv,MNIST,all,126000,3,1,126000
1,3,1,7,2025-05-31T18:09:47.810693Z,2025-05-31T22:37:01.671242Z,73,MNIST_EMNIST_rot,torch_linear,same_other_sizes_cv,EMNIST_rot,all,126000,4,1,126000
1,3,1,8,2025-05-31T18:09:48.747817Z,2025-05-31T23:00:24.238553Z,55,MNIST_EMNIST_rot,torch_linear,same_other_sizes_cv,MNIST,all,126000,4,1,126000
1,3,1,9,2025-05-31T18:09:49.981668Z,2025-05-31T23:07:19.750665Z,72,MNIST_EMNIST_rot,torch_linear,same_other_sizes_cv,EMNIST_rot,all,126000,5,1,126000
1,3,1,10,2025-05-31T18:09:50.383831Z,2025-05-31T22:49:05.095745Z,96,MNIST_EMNIST_rot,torch_linear,same_other_sizes_cv,MNIST,all,126000,5,1,126000
1,3,1,11,2025-05-31T18:09:50.430254Z,2025-05-31T22:33:18.372012Z,61,MNIST_EMNIST_rot,torch_linear,same_other_sizes_cv,EMNIST_rot,all,126000,6,1,126000
1,3,1,12,2025-05-31T18:09:50.500211Z,2025-05-31T22:50:15.697089Z,13,MNIST_EMNIST_rot,torch_linear,same_other_sizes_cv,MNIST,all,126000,6,1,126000
1,3,1,13,2025-05-31T18:09:52.447723Z,2025-05-31T22:26:58.768541Z,70,MNIST_EMNIST_rot,torch_linear,same_other_sizes_cv,EMNIST_rot,all,126000,7,1,126000
1,3,1,14,2025-05-31T18:09:52.477552Z,2025-05-31T22:32:23.901762Z,10,MNIST_EMNIST_rot,torch_linear,same_other_sizes_cv,MNIST,all,126000,7,1,126000
1,3,1,15,2025-05-31T18:09:52.571317Z,2025-05-31T22:48:32.693035Z,65,MNIST_EMNIST_rot,torch_linear,same_other_sizes_cv,EMNIST_rot,all,126000,8,1,126000
1,3,1,16,2025-05-31T18:09:54.044205Z,2025-05-31T22:43:26.686633Z,83,MNIST_EMNIST_rot,torch_linear,same_other_sizes_cv,MNIST,all,126000,8,1,126000
1,3,1,17,2025-05-31T18:09:54.513235Z,2025-05-31T23:16:37.527816Z,62,MNIST_EMNIST_rot,torch_linear,same_other_sizes_cv,EMNIST_rot,all,126000,9,1,126000
1,3,1,18,2025-05-31T18:09:55.332761Z,2025-05-31T22:33:55.052123Z,80,MNIST_EMNIST_rot,torch_linear,same_other_sizes_cv,MNIST,all,126000,9,1,126000
1,3,1,19,2025-05-31T18:09:55.388052Z,2025-05-31T22:45:33.912957Z,9,MNIST_EMNIST_rot,torch_linear,same_other_sizes_cv,EMNIST_rot,all,126000,10,1,126000
1,3,1,20,2025-05-31T18:09:55.562763Z,2025-05-31T22:21:52.128488Z,31,MNIST_EMNIST_rot,torch_linear,same_other_sizes_cv,MNIST,all,126000,10,1,126000
1,3,1,21,2025-05-31T18:09:55.664566Z,2025-05-31T20:00:39.893527Z,30,MNIST_EMNIST_rot,torch_linear,same_other_sizes_cv,EMNIST_rot,other,63000,1,1,63000
1,3,1,22,2025-05-31T18:09:55.798009Z,2025-05-31T20:18:54.987230Z,34,MNIST_EMNIST_rot,torch_linear,same_other_sizes_cv,MNIST,other,63000,1,1,63000
1,3,1,23,2025-05-31T18:09:56.370938Z,2025-05-31T19:57:12.761553Z,52,MNIST_EMNIST_rot,torch_linear,same_other_sizes_cv,EMNIST_rot,other,63000,2,1,63000
1,3,1,24,2025-05-31T18:09:56.463444Z,2025-05-31T20:13:01.444509Z,50,MNIST_EMNIST_rot,torch_linear,same_other_sizes_cv,MNIST,other,63000,2,1,63000
1,3,1,25,2025-05-31T18:09:56.491469Z,2025-05-31T19:57:22.459932Z,42,MNIST_EMNIST_rot,torch_linear,same_other_sizes_cv,EMNIST_rot,other,63000,3,1,63000
1,3,1,26,2025-05-31T18:09:56.517585Z,2025-05-31T20:19:14.515171Z,41,MNIST_EMNIST_rot,torch_linear,same_other_sizes_cv,MNIST,other,63000,3,1,63000
1,3,1,27,2025-05-31T18:09:56.563536Z,2025-05-31T20:13:49.622616Z,44,MNIST_EMNIST_rot,torch_linear,same_other_sizes_cv,EMNIST_rot,other,63000,4,1,63000
1,3,1,28,2025-05-31T18:09:56.570780Z,2025-05-31T20:23:03.636767Z,37,MNIST_EMNIST_rot,torch_linear,same_other_sizes_cv,MNIST,other,63000,4,1,63000
1,3,1,29,2025-05-31T18:09:56.586721Z,2025-05-31T20:10:13.806084Z,43,MNIST_EMNIST_rot,torch_linear,same_other_sizes_cv,EMNIST_rot,other,63000,5,1,63000
1,3,1,30,2025-05-31T18:09:56.596977Z,2025-05-31T20:15:12.810979Z,39,MNIST_EMNIST_rot,torch_linear,same_other_sizes_cv,MNIST,other,63000,5,1,63000
1,3,1,31,2025-05-31T18:09:56.630752Z,2025-05-31T20:08:47.502067Z,40,MNIST_EMNIST_rot,torch_linear,same_other_sizes_cv,EMNIST_rot,other,63000,6,1,63000
1,3,1,32,2025-05-31T18:09:56.696925Z,2025-05-31T20:28:40.932490Z,38,MNIST_EMNIST_rot,torch_linear,same_other_sizes_cv,MNIST,other,63000,6,1,63000
1,3,1,33,2025-05-31T18:09:57.214757Z,2025-05-31T20:00:49.054192Z,28,MNIST_EMNIST_rot,torch_linear,same_other_sizes_cv,EMNIST_rot,other,63000,7,1,63000
1,3,1,34,2025-05-31T18:09:58.055501Z,2025-05-31T20:09:34.555765Z,20,MNIST_EMNIST_rot,torch_linear,same_other_sizes_cv,MNIST,other,63000,7,1,63000
1,3,1,35,2025-05-31T18:09:58.275573Z,2025-05-31T20:15:23.335045Z,27,MNIST_EMNIST_rot,torch_linear,same_other_sizes_cv,EMNIST_rot,other,63000,8,1,63000
1,3,1,36,2025-05-31T19:57:12.966027Z,2025-05-31T21:51:12.644363Z,52,MNIST_EMNIST_rot,torch_linear,same_other_sizes_cv,MNIST,other,63000,8,1,63000
1,3,1,37,2025-05-31T19:57:22.620518Z,2025-05-31T21:54:28.799130Z,42,MNIST_EMNIST_rot,torch_linear,same_other_sizes_cv,EMNIST_rot,other,63000,9,1,63000
1,3,1,38,2025-05-31T20:00:39.966787Z,2025-05-31T22:03:44.963845Z,30,MNIST_EMNIST_rot,torch_linear,same_other_sizes_cv,MNIST,other,63000,9,1,63000
1,3,1,39,2025-05-31T20:00:49.082446Z,2025-05-31T21:59:14.234851Z,28,MNIST_EMNIST_rot,torch_linear,same_other_sizes_cv,EMNIST_rot,other,63000,10,1,63000
1,3,1,40,2025-05-31T20:08:47.637264Z,2025-05-31T22:16:54.290972Z,40,MNIST_EMNIST_rot,torch_linear,same_other_sizes_cv,MNIST,other,63000,10,1,63000
1,3,1,41,2025-05-31T20:09:34.680535Z,2025-05-31T22:08:35.013079Z,20,MNIST_EMNIST_rot,torch_linear,same_other_sizes_cv,EMNIST_rot,same,63000,1,1,63000
1,3,1,42,2025-05-31T20:10:13.855551Z,2025-05-31T22:04:50.354481Z,43,MNIST_EMNIST_rot,torch_linear,same_other_sizes_cv,MNIST,same,63000,1,1,63000
1,3,1,43,2025-05-31T20:13:01.541079Z,2025-05-31T22:08:52.072227Z,50,MNIST_EMNIST_rot,torch_linear,same_other_sizes_cv,EMNIST_rot,same,63000,2,1,63000
1,3,1,44,2025-05-31T20:13:49.657278Z,2025-05-31T22:01:14.830266Z,44,MNIST_EMNIST_rot,torch_linear,same_other_sizes_cv,MNIST,same,63000,2,1,63000
1,3,1,45,2025-05-31T20:15:12.915460Z,2025-05-31T22:15:01.852436Z,39,MNIST_EMNIST_rot,torch_linear,same_other_sizes_cv,EMNIST_rot,same,63000,3,1,63000
1,3,1,46,2025-05-31T20:15:23.391693Z,2025-05-31T22:19:53.169919Z,27,MNIST_EMNIST_rot,torch_linear,same_other_sizes_cv,MNIST,same,63000,3,1,63000
1,3,1,47,2025-05-31T20:18:55.255251Z,2025-05-31T22:16:03.574230Z,34,MNIST_EMNIST_rot,torch_linear,same_other_sizes_cv,EMNIST_rot,same,63000,4,1,63000
1,3,1,48,2025-05-31T20:19:14.533490Z,2025-05-31T22:15:53.564531Z,41,MNIST_EMNIST_rot,torch_linear,same_other_sizes_cv,MNIST,same,63000,4,1,63000
1,3,1,49,2025-05-31T20:23:03.682590Z,2025-05-31T22:32:33.255389Z,37,MNIST_EMNIST_rot,torch_linear,same_other_sizes_cv,EMNIST_rot,same,63000,5,1,63000
1,3,1,50,2025-05-31T20:28:41.003440Z,2025-05-31T22:29:20.026115Z,38,MNIST_EMNIST_rot,torch_linear,same_other_sizes_cv,MNIST,same,63000,5,1,63000
1,3,1,51,2025-05-31T21:44:28.034907Z,2025-05-31T23:41:49.796671Z,77,MNIST_EMNIST_rot,torch_linear,same_other_sizes_cv,EMNIST_rot,same,63000,6,1,63000
1,3,1,52,2025-05-31T21:44:29.962171Z,2025-05-31T23:38:27.214346Z,51,MNIST_EMNIST_rot,torch_linear,same_other_sizes_cv,MNIST,same,63000,6,1,63000
1,3,1,53,2025-05-31T21:45:05.947077Z,2025-05-31T23:39:14.348276Z,87,MNIST_EMNIST_rot,torch_linear,same_other_sizes_cv,EMNIST_rot,same,63000,7,1,63000
1,3,1,54,2025-05-31T21:46:31.480561Z,2025-05-31T23:50:57.849918Z,86,MNIST_EMNIST_rot,torch_linear,same_other_sizes_cv,MNIST,same,63000,7,1,63000
1,3,1,55,2025-05-31T21:48:51.804258Z,2025-05-31T23:58:06.053020Z,5,MNIST_EMNIST_rot,torch_linear,same_other_sizes_cv,EMNIST_rot,same,63000,8,1,63000
1,3,1,56,2025-05-31T21:50:16.174802Z,2025-05-31T23:32:58.708439Z,25,MNIST_EMNIST_rot,torch_linear,same_other_sizes_cv,MNIST,same,63000,8,1,63000
1,3,1,57,2025-05-31T21:50:18.895687Z,2025-06-01T00:03:15.893323Z,26,MNIST_EMNIST_rot,torch_linear,same_other_sizes_cv,EMNIST_rot,same,63000,9,1,63000
1,3,1,58,2025-05-31T21:51:12.685151Z,2025-05-31T23:37:45.236651Z,52,MNIST_EMNIST_rot,torch_linear,same_other_sizes_cv,MNIST,same,63000,9,1,63000
1,3,1,59,2025-05-31T21:54:28.927739Z,2025-06-01T00:04:32.304703Z,42,MNIST_EMNIST_rot,torch_linear,same_other_sizes_cv,EMNIST_rot,same,63000,10,1,63000
1,3,1,60,2025-05-31T21:54:56.353689Z,2025-05-31T23:47:15.337504Z,15,MNIST_EMNIST_rot,torch_linear,same_other_sizes_cv,MNIST,same,63000,10,1,63000
1,4,1,1,2025-05-31T21:55:56.189700Z,2025-06-01T02:49:24.764189Z,23,MNIST_EMNIST_rot,torch_dense_50,same_other_sizes_cv,EMNIST_rot,all,126000,1,1,126000
1,4,1,2,2025-05-31T21:56:15.474766Z,2025-06-01T02:39:10.592032Z,1,MNIST_EMNIST_rot,torch_dense_50,same_other_sizes_cv,MNIST,all,126000,1,1,126000
1,4,1,3,2025-05-31T21:56:20.379620Z,2025-06-01T02:34:04.439718Z,78,MNIST_EMNIST_rot,torch_dense_50,same_other_sizes_cv,EMNIST_rot,all,126000,2,1,126000
1,4,1,4,2025-05-31T21:57:09.575774Z,2025-06-01T02:44:46.858877Z,85,MNIST_EMNIST_rot,torch_dense_50,same_other_sizes_cv,MNIST,all,126000,2,1,126000
1,4,1,5,2025-05-31T21:58:02.988670Z,2025-06-01T02:58:50.725302Z,2,MNIST_EMNIST_rot,torch_dense_50,same_other_sizes_cv,EMNIST_rot,all,126000,3,1,126000
1,4,1,6,2025-05-31T21:58:16.841647Z,2025-06-01T02:50:47.544038Z,32,MNIST_EMNIST_rot,torch_dense_50,same_other_sizes_cv,MNIST,all,126000,3,1,126000
1,4,1,7,2025-05-31T21:58:28.890490Z,2025-06-01T02:47:18.493564Z,36,MNIST_EMNIST_rot,torch_dense_50,same_other_sizes_cv,EMNIST_rot,all,126000,4,1,126000
1,4,1,8,2025-05-31T21:59:07.115519Z,2025-06-01T03:08:33.440821Z,53,MNIST_EMNIST_rot,torch_dense_50,same_other_sizes_cv,MNIST,all,126000,4,1,126000
1,4,1,9,2025-05-31T21:59:14.366047Z,2025-06-01T02:40:27.042078Z,28,MNIST_EMNIST_rot,torch_dense_50,same_other_sizes_cv,EMNIST_rot,all,126000,5,1,126000
1,4,1,10,2025-05-31T21:59:45.060793Z,2025-06-01T02:55:13.455818Z,35,MNIST_EMNIST_rot,torch_dense_50,same_other_sizes_cv,MNIST,all,126000,5,1,126000
1,4,1,11,2025-05-31T22:00:47.298338Z,2025-06-01T03:37:40.933338Z,58,MNIST_EMNIST_rot,torch_dense_50,same_other_sizes_cv,EMNIST_rot,all,126000,6,1,126000
1,4,1,12,2025-05-31T22:01:14.880023Z,2025-06-01T03:15:13.696561Z,44,MNIST_EMNIST_rot,torch_dense_50,same_other_sizes_cv,MNIST,all,126000,6,1,126000
1,4,1,13,2025-05-31T22:01:18.270143Z,2025-06-01T02:59:36.214439Z,4,MNIST_EMNIST_rot,torch_dense_50,same_other_sizes_cv,EMNIST_rot,all,126000,7,1,126000
1,4,1,14,2025-05-31T22:01:20.125249Z,2025-06-01T03:11:29.317628Z,49,MNIST_EMNIST_rot,torch_dense_50,same_other_sizes_cv,MNIST,all,126000,7,1,126000
1,4,1,15,2025-05-31T22:01:38.998127Z,2025-06-01T03:00:42.707134Z,12,MNIST_EMNIST_rot,torch_dense_50,same_other_sizes_cv,EMNIST_rot,all,126000,8,1,126000
1,4,1,16,2025-05-31T22:03:07.838373Z,2025-06-01T03:02:29.132051Z,18,MNIST_EMNIST_rot,torch_dense_50,same_other_sizes_cv,MNIST,all,126000,8,1,126000
1,4,1,17,2025-05-31T22:03:28.401035Z,2025-06-01T02:58:13.449981Z,69,MNIST_EMNIST_rot,torch_dense_50,same_other_sizes_cv,EMNIST_rot,all,126000,9,1,126000
1,4,1,18,2025-05-31T22:03:45.005221Z,2025-06-01T02:48:05.676771Z,30,MNIST_EMNIST_rot,torch_dense_50,same_other_sizes_cv,MNIST,all,126000,9,1,126000
1,4,1,19,2025-05-31T22:03:53.058559Z,2025-06-01T03:44:49.286612Z,57,MNIST_EMNIST_rot,torch_dense_50,same_other_sizes_cv,EMNIST_rot,all,126000,10,1,126000
1,4,1,20,2025-05-31T22:04:49.494215Z,2025-06-01T03:48:41.126312Z,60,MNIST_EMNIST_rot,torch_dense_50,same_other_sizes_cv,MNIST,all,126000,10,1,126000
1,4,1,21,2025-05-31T22:04:50.452197Z,2025-06-01T00:15:07.142574Z,43,MNIST_EMNIST_rot,torch_dense_50,same_other_sizes_cv,EMNIST_rot,other,63000,1,1,63000
1,4,1,22,2025-05-31T22:05:23.985424Z,2025-06-01T00:16:56.228610Z,3,MNIST_EMNIST_rot,torch_dense_50,same_other_sizes_cv,MNIST,other,63000,1,1,63000
1,4,1,23,2025-05-31T22:06:30.029544Z,2025-06-01T00:19:54.735049Z,74,MNIST_EMNIST_rot,torch_dense_50,same_other_sizes_cv,EMNIST_rot,other,63000,2,1,63000
1,4,1,24,2025-05-31T22:06:33.035547Z,2025-06-01T00:24:10.052422Z,11,MNIST_EMNIST_rot,torch_dense_50,same_other_sizes_cv,MNIST,other,63000,2,1,63000
1,4,1,25,2025-05-31T22:08:07.576992Z,2025-06-01T00:20:42.965674Z,22,MNIST_EMNIST_rot,torch_dense_50,same_other_sizes_cv,EMNIST_rot,other,63000,3,1,63000
1,4,1,26,2025-05-31T22:08:35.165218Z,2025-06-01T00:23:23.436809Z,20,MNIST_EMNIST_rot,torch_dense_50,same_other_sizes_cv,MNIST,other,63000,3,1,63000
1,4,1,27,2025-05-31T22:08:52.192991Z,2025-06-01T00:20:49.651083Z,50,MNIST_EMNIST_rot,torch_dense_50,same_other_sizes_cv,EMNIST_rot,other,63000,4,1,63000
1,4,1,28,2025-05-31T22:08:55.587640Z,2025-06-01T00:18:22.096250Z,63,MNIST_EMNIST_rot,torch_dense_50,same_other_sizes_cv,MNIST,other,63000,4,1,63000
1,4,1,29,2025-05-31T22:09:41.569644Z,2025-06-01T00:28:05.361109Z,24,MNIST_EMNIST_rot,torch_dense_50,same_other_sizes_cv,EMNIST_rot,other,63000,5,1,63000
1,4,1,30,2025-05-31T22:10:00.873444Z,2025-06-01T00:27:54.075397Z,59,MNIST_EMNIST_rot,torch_dense_50,same_other_sizes_cv,MNIST,other,63000,5,1,63000
1,4,1,31,2025-05-31T22:10:14.677688Z,2025-06-01T00:29:56.074750Z,81,MNIST_EMNIST_rot,torch_dense_50,same_other_sizes_cv,EMNIST_rot,other,63000,6,1,63000
1,4,1,32,2025-05-31T22:13:11.099367Z,2025-06-01T00:34:45.127619Z,54,MNIST_EMNIST_rot,torch_dense_50,same_other_sizes_cv,MNIST,other,63000,6,1,63000
1,4,1,33,2025-05-31T22:13:19.975103Z,2025-06-01T00:29:15.259140Z,82,MNIST_EMNIST_rot,torch_dense_50,same_other_sizes_cv,EMNIST_rot,other,63000,7,1,63000
1,4,1,34,2025-05-31T22:15:01.926160Z,2025-06-01T00:24:23.442631Z,39,MNIST_EMNIST_rot,torch_dense_50,same_other_sizes_cv,MNIST,other,63000,7,1,63000
1,4,1,35,2025-05-31T22:15:53.596841Z,2025-06-01T00:25:44.724095Z,41,MNIST_EMNIST_rot,torch_dense_50,same_other_sizes_cv,EMNIST_rot,other,63000,8,1,63000
1,4,1,36,2025-05-31T22:16:03.599722Z,2025-06-01T00:28:49.356469Z,34,MNIST_EMNIST_rot,torch_dense_50,same_other_sizes_cv,MNIST,other,63000,8,1,63000
1,4,1,37,2025-05-31T22:16:50.917736Z,2025-06-01T00:32:44.593729Z,64,MNIST_EMNIST_rot,torch_dense_50,same_other_sizes_cv,EMNIST_rot,other,63000,9,1,63000
1,4,1,38,2025-05-31T22:16:54.346844Z,2025-06-01T00:31:58.243488Z,40,MNIST_EMNIST_rot,torch_dense_50,same_other_sizes_cv,MNIST,other,63000,9,1,63000
1,4,1,39,2025-05-31T22:18:03.726136Z,2025-06-01T00:28:31.927954Z,56,MNIST_EMNIST_rot,torch_dense_50,same_other_sizes_cv,EMNIST_rot,other,63000,10,1,63000
1,4,1,40,2025-05-31T22:19:50.411156Z,2025-06-01T00:30:46.311340Z,19,MNIST_EMNIST_rot,torch_dense_50,same_other_sizes_cv,MNIST,other,63000,10,1,63000
1,4,1,41,2025-05-31T22:19:53.227920Z,2025-06-01T00:39:59.763435Z,27,MNIST_EMNIST_rot,torch_dense_50,same_other_sizes_cv,EMNIST_rot,same,63000,1,1,63000
1,4,1,42,2025-05-31T22:20:08.969638Z,2025-06-01T00:44:38.228956Z,16,MNIST_EMNIST_rot,torch_dense_50,same_other_sizes_cv,MNIST,same,63000,1,1,63000
1,4,1,43,2025-05-31T22:21:42.259135Z,2025-06-01T00:53:04.602818Z,17,MNIST_EMNIST_rot,torch_dense_50,same_other_sizes_cv,EMNIST_rot,same,63000,2,1,63000
1,4,1,44,2025-05-31T22:21:52.155075Z,2025-06-01T00:28:57.167675Z,31,MNIST_EMNIST_rot,torch_dense_50,same_other_sizes_cv,MNIST,same,63000,2,1,63000
1,4,1,45,2025-05-31T22:26:44.050932Z,2025-06-01T00:41:39.542013Z,45,MNIST_EMNIST_rot,torch_dense_50,same_other_sizes_cv,EMNIST_rot,same,63000,3,1,63000
1,4,1,46,2025-05-31T22:26:58.830869Z,2025-06-01T00:37:50.541015Z,70,MNIST_EMNIST_rot,torch_dense_50,same_other_sizes_cv,MNIST,same,63000,3,1,63000
1,4,1,47,2025-05-31T22:27:31.199214Z,2025-06-01T00:42:48.098797Z,97,MNIST_EMNIST_rot,torch_dense_50,same_other_sizes_cv,EMNIST_rot,same,63000,4,1,63000
1,4,1,48,2025-05-31T22:28:50.781629Z,2025-06-01T00:52:49.756239Z,67,MNIST_EMNIST_rot,torch_dense_50,same_other_sizes_cv,MNIST,same,63000,4,1,63000
1,4,1,49,2025-05-31T22:29:20.066399Z,2025-06-01T00:43:03.209239Z,38,MNIST_EMNIST_rot,torch_dense_50,same_other_sizes_cv,EMNIST_rot,same,63000,5,1,63000
1,4,1,50,2025-05-31T22:32:24.600592Z,2025-06-01T00:50:43.322778Z,10,MNIST_EMNIST_rot,torch_dense_50,same_other_sizes_cv,MNIST,same,63000,5,1,63000
1,4,1,51,2025-05-31T22:32:33.290234Z,2025-06-01T00:48:48.144205Z,37,MNIST_EMNIST_rot,torch_dense_50,same_other_sizes_cv,EMNIST_rot,same,63000,6,1,63000
1,4,1,52,2025-05-31T22:33:18.428572Z,2025-06-01T00:57:42.116907Z,61,MNIST_EMNIST_rot,torch_dense_50,same_other_sizes_cv,MNIST,same,63000,6,1,63000
1,4,1,53,2025-05-31T22:33:55.263876Z,2025-06-01T00:38:58.000693Z,80,MNIST_EMNIST_rot,torch_dense_50,same_other_sizes_cv,EMNIST_rot,same,63000,7,1,63000
1,4,1,54,2025-05-31T22:37:01.918964Z,2025-06-01T00:41:23.914528Z,73,MNIST_EMNIST_rot,torch_dense_50,same_other_sizes_cv,MNIST,same,63000,7,1,63000
1,4,1,55,2025-05-31T22:38:26.031337Z,2025-06-01T00:48:15.348995Z,98,MNIST_EMNIST_rot,torch_dense_50,same_other_sizes_cv,EMNIST_rot,same,63000,8,1,63000
1,4,1,56,2025-05-31T22:40:10.945728Z,2025-06-01T00:48:09.332721Z,91,MNIST_EMNIST_rot,torch_dense_50,same_other_sizes_cv,MNIST,same,63000,8,1,63000
1,4,1,57,2025-05-31T22:43:26.802091Z,2025-06-01T00:54:24.101543Z,83,MNIST_EMNIST_rot,torch_dense_50,same_other_sizes_cv,EMNIST_rot,same,63000,9,1,63000
1,4,1,58,2025-05-31T22:45:34.014499Z,2025-06-01T00:57:06.086743Z,9,MNIST_EMNIST_rot,torch_dense_50,same_other_sizes_cv,MNIST,same,63000,9,1,63000
1,4,1,59,2025-05-31T22:48:32.833230Z,2025-06-01T01:10:00.037438Z,65,MNIST_EMNIST_rot,torch_dense_50,same_other_sizes_cv,EMNIST_rot,same,63000,10,1,63000
1,4,1,60,2025-05-31T22:49:05.158600Z,2025-06-01T01:02:54.676502Z,96,MNIST_EMNIST_rot,torch_dense_50,same_other_sizes_cv,MNIST,same,63000,10,1,63000
1,5,1,21,2025-06-01T00:20:49.744033Z,2025-06-01T08:15:01.719711Z,50,MNIST_EMNIST_rot,cv_glmnet_min,same_other_sizes_cv,EMNIST_rot,other,63000,1,1,63000
1,5,1,22,2025-06-01T00:23:23.671231Z,2025-06-01T02:26:06.934945Z,20,MNIST_EMNIST_rot,cv_glmnet_min,same_other_sizes_cv,MNIST,other,63000,1,1,63000
1,5,1,23,2025-06-01T00:24:10.126751Z,2025-06-01T10:57:19.326820Z,11,MNIST_EMNIST_rot,cv_glmnet_min,same_other_sizes_cv,EMNIST_rot,other,63000,2,1,63000
1,5,1,24,2025-06-01T00:24:23.458628Z,2025-06-01T04:19:50.920474Z,39,MNIST_EMNIST_rot,cv_glmnet_min,same_other_sizes_cv,MNIST,other,63000,2,1,63000
1,5,1,25,2025-06-01T00:25:45.309225Z,2025-06-01T12:42:42.586357Z,41,MNIST_EMNIST_rot,cv_glmnet_min,same_other_sizes_cv,EMNIST_rot,other,63000,3,1,63000
1,5,1,26,2025-06-01T00:27:54.265115Z,2025-06-01T04:06:40.667449Z,59,MNIST_EMNIST_rot,cv_glmnet_min,same_other_sizes_cv,MNIST,other,63000,3,1,63000
1,5,1,27,2025-06-01T00:28:05.427635Z,2025-06-01T12:07:21.442986Z,24,MNIST_EMNIST_rot,cv_glmnet_min,same_other_sizes_cv,EMNIST_rot,other,63000,4,1,63000
1,5,1,28,2025-06-01T00:28:31.972552Z,2025-06-01T03:32:51.668658Z,56,MNIST_EMNIST_rot,cv_glmnet_min,same_other_sizes_cv,MNIST,other,63000,4,1,63000
1,5,1,29,2025-06-01T00:28:49.396046Z,2025-06-01T11:05:12.955236Z,34,MNIST_EMNIST_rot,cv_glmnet_min,same_other_sizes_cv,EMNIST_rot,other,63000,5,1,63000
1,5,1,30,2025-06-01T00:28:57.293866Z,2025-06-01T05:54:41.801405Z,31,MNIST_EMNIST_rot,cv_glmnet_min,same_other_sizes_cv,MNIST,other,63000,5,1,63000
1,5,1,31,2025-06-01T00:29:15.327584Z,2025-06-01T04:04:50.197017Z,82,MNIST_EMNIST_rot,cv_glmnet_min,same_other_sizes_cv,EMNIST_rot,other,63000,6,1,63000
1,5,1,32,2025-06-01T00:29:56.114815Z,2025-06-01T05:05:52.277811Z,81,MNIST_EMNIST_rot,cv_glmnet_min,same_other_sizes_cv,MNIST,other,63000,6,1,63000
1,5,1,33,2025-06-01T00:30:46.348754Z,2025-06-01T11:31:02.169628Z,19,MNIST_EMNIST_rot,cv_glmnet_min,same_other_sizes_cv,EMNIST_rot,other,63000,7,1,63000
1,5,1,34,2025-06-01T00:31:58.305192Z,2025-06-01T03:57:47.982689Z,40,MNIST_EMNIST_rot,cv_glmnet_min,same_other_sizes_cv,MNIST,other,63000,7,1,63000
1,5,1,35,2025-06-01T00:32:44.907550Z,2025-06-01T09:22:15.763096Z,64,MNIST_EMNIST_rot,cv_glmnet_min,same_other_sizes_cv,EMNIST_rot,other,63000,8,1,63000
1,5,1,36,2025-06-01T00:34:45.305473Z,2025-06-01T05:59:42.256075Z,54,MNIST_EMNIST_rot,cv_glmnet_min,same_other_sizes_cv,MNIST,other,63000,8,1,63000
1,5,1,37,2025-06-01T00:37:50.950166Z,2025-06-01T12:31:26.630547Z,70,MNIST_EMNIST_rot,cv_glmnet_min,same_other_sizes_cv,EMNIST_rot,other,63000,9,1,63000
1,5,1,38,2025-06-01T00:38:58.207012Z,2025-06-01T03:06:53.738358Z,80,MNIST_EMNIST_rot,cv_glmnet_min,same_other_sizes_cv,MNIST,other,63000,9,1,63000
1,5,1,39,2025-06-01T00:39:59.864042Z,2025-06-01T11:58:57.471982Z,27,MNIST_EMNIST_rot,cv_glmnet_min,same_other_sizes_cv,EMNIST_rot,other,63000,10,1,63000
1,5,1,40,2025-06-01T00:41:24.159277Z,2025-06-01T08:21:14.235886Z,73,MNIST_EMNIST_rot,cv_glmnet_min,same_other_sizes_cv,MNIST,other,63000,10,1,63000
1,5,1,41,2025-06-01T00:41:39.591066Z,2025-06-01T04:03:00.733351Z,45,MNIST_EMNIST_rot,cv_glmnet_min,same_other_sizes_cv,EMNIST_rot,same,63000,1,1,63000
1,5,1,42,2025-06-01T00:42:48.151809Z,2025-06-01T05:04:11.858902Z,97,MNIST_EMNIST_rot,cv_glmnet_min,same_other_sizes_cv,MNIST,same,63000,1,1,63000
1,5,1,43,2025-06-01T00:43:03.249133Z,2025-06-01T03:31:12.039168Z,38,MNIST_EMNIST_rot,cv_glmnet_min,same_other_sizes_cv,EMNIST_rot,same,63000,2,1,63000
1,5,1,44,2025-06-01T00:44:38.469624Z,2025-06-01T10:48:55.976943Z,16,MNIST_EMNIST_rot,cv_glmnet_min,same_other_sizes_cv,MNIST,same,63000,2,1,63000
1,5,1,45,2025-06-01T00:48:09.437791Z,2025-06-01T04:41:58.506134Z,91,MNIST_EMNIST_rot,cv_glmnet_min,same_other_sizes_cv,EMNIST_rot,same,63000,3,1,63000
1,5,1,46,2025-06-01T00:48:15.503238Z,2025-06-01T10:24:58.729825Z,98,MNIST_EMNIST_rot,cv_glmnet_min,same_other_sizes_cv,MNIST,same,63000,3,1,63000
1,5,1,47,2025-06-01T00:48:48.247144Z,2025-06-01T04:11:27.453201Z,37,MNIST_EMNIST_rot,cv_glmnet_min,same_other_sizes_cv,EMNIST_rot,same,63000,4,1,63000
1,5,1,48,2025-06-01T00:50:44.348336Z,2025-06-01T07:00:11.721538Z,10,MNIST_EMNIST_rot,cv_glmnet_min,same_other_sizes_cv,MNIST,same,63000,4,1,63000
1,5,1,49,2025-06-01T00:52:50.689038Z,2025-06-01T03:13:30.808954Z,67,MNIST_EMNIST_rot,cv_glmnet_min,same_other_sizes_cv,EMNIST_rot,same,63000,5,1,63000
1,5,1,50,2025-06-01T00:53:04.694106Z,2025-06-01T13:57:44.185748Z,17,MNIST_EMNIST_rot,cv_glmnet_min,same_other_sizes_cv,MNIST,same,63000,5,1,63000
1,5,1,51,2025-06-01T00:54:24.849365Z,2025-06-01T02:52:42.858638Z,83,MNIST_EMNIST_rot,cv_glmnet_min,same_other_sizes_cv,EMNIST_rot,same,63000,6,1,63000
1,5,1,52,2025-06-01T00:57:06.205548Z,2025-06-01T10:55:44.649684Z,9,MNIST_EMNIST_rot,cv_glmnet_min,same_other_sizes_cv,MNIST,same,63000,6,1,63000
1,5,1,53,2025-06-01T00:57:42.249026Z,2025-06-01T06:39:08.287638Z,61,MNIST_EMNIST_rot,cv_glmnet_min,same_other_sizes_cv,EMNIST_rot,same,63000,7,1,63000
1,5,1,54,2025-06-01T01:02:54.882463Z,2025-06-01T11:42:33.583197Z,96,MNIST_EMNIST_rot,cv_glmnet_min,same_other_sizes_cv,MNIST,same,63000,7,1,63000
1,5,1,55,2025-06-01T01:10:00.242136Z,2025-06-01T04:30:16.178200Z,65,MNIST_EMNIST_rot,cv_glmnet_min,same_other_sizes_cv,EMNIST_rot,same,63000,8,1,63000
1,5,1,56,2025-06-01T01:42:22.936914Z,2025-06-01T12:48:44.761121Z,99,MNIST_EMNIST_rot,cv_glmnet_min,same_other_sizes_cv,MNIST,same,63000,8,1,63000
1,5,1,57,2025-06-01T01:44:54.590843Z,2025-06-01T08:09:45.339103Z,71,MNIST_EMNIST_rot,cv_glmnet_min,same_other_sizes_cv,EMNIST_rot,same,63000,9,1,63000
1,5,1,58,2025-06-01T01:55:38.653480Z,2025-06-01T12:33:55.912803Z,29,MNIST_EMNIST_rot,cv_glmnet_min,same_other_sizes_cv,MNIST,same,63000,9,1,63000
1,5,1,59,2025-06-01T01:58:26.066002Z,2025-06-01T05:05:41.147234Z,84,MNIST_EMNIST_rot,cv_glmnet_min,same_other_sizes_cv,EMNIST_rot,same,63000,10,1,63000
1,5,1,60,2025-06-01T02:06:33.825482Z,2025-06-01T13:01:36.179436Z,92,MNIST_EMNIST_rot,cv_glmnet_min,same_other_sizes_cv,MNIST,same,63000,10,1,63000
